age,type,origin,rarity
9734,4,0,0
9570,0,5,0.5
9358,2,3,0.666667
7553,2,2,0.75
7111,1,4,0.8
7062,3,6,0.833333
6408,4,3,0.857143
5484,4,1,0.875
5067,0,2,0.888889
4844,3,6,0.9
4013,3,0,0.909091
3949,2,6,0.916667
3849,2,4,0.923077
3801,3,6,0.928571
3281,4,4,0.933333
2048,2,4,0.9375
1364,0,5,0.941176
433,3,1,0.944444
169,4,1,0.947368